∫œÕ¨–≈œ¢,,,,
∫œÕ¨±‡∫≈,, ∫œÕ¨Ω∂Ó ,,
ABCD202x-864,," 816,803.00 ",,
ABCD202x-089,," 672,636.00 ",,≤Ó“Ï
ABCD202x-318,," 939,975.00 ",,
ABCD202x-900,," 49,606.00 ",,
ABCD202x-035,," 495,324.00 ",,
ABCD202x-196,," 74,080.00 ",,
ABCD202x-315,," 885,130.00 ",,
ABCD202x-627,," 767,917.00 ",,
ABCD202x-089,," 36,481.00 ",,
ABCD202x-664,," 410,694.00 ",,
ABCD202x-124,," 392,696.00 ",,
ABCD202x-443,," 334,933.00 ",,≤Ó“Ï
ABCD202x-471,," 454,600.00 ",,≤Ó“Ï
ABCD202x-843,," 318,855.00 ",,≤Ó“Ï
ABCD202x-369,," 515,644.00 ",,≤Ó“Ï
ABCD202x-012,," 840,527.00 ",,≤Ó“Ï
ABCD202x-122,," 465,920.00 ",,≤Ó“Ï
ABCD202x-280,," 68,621.00 ",,≤Ó“Ï
ABCD202x-478,," 694,841.00 ",,≤Ó“Ï
ABCD202x-435,," 959,988.00 ",,≤Ó“Ï
ABCD202x-384,," 741,701.00 ",,≤Ó“Ï
ABCD202x-780,," 431,930.00 ",,≤Ó“Ï
ABCD202x-000,," 593,868.00 ",,≤Ó“Ï
ABCD202x-271,," 23,962.00 ",,≤Ó“Ï
ABCD202x-070,," 97,537.00 ",,≤Ó“Ï
ABCD202x-374,," 212,181.00 ",,≤Ó“Ï
ABCD202x-533,," 824,499.00 ",,≤Ó“Ï
ABCD202x-063,," 739,054.00 ",,≤Ó“Ï
ABCD202x-761,," 295,865.00 ",,≤Ó“Ï
ABCD202x-202,," 351,202.00 ",,≤Ó“Ï
ABCD202x-200,," 775,869.00 ",,≤Ó“Ï
ABCD202x-765,," 506,415.00 ",,≤Ó“Ï
ABCD202x-393,," 696,199.00 ",,≤Ó“Ï
ABCD202x-361,," 138,881.00 ",,≤Ó“Ï
ABCD202x-984,," 958,276.00 ",,≤Ó“Ï
ABCD202x-255,," 506,954.00 ",,≤Ó“Ï
ABCD202x-620,," 483,778.00 ",,≤Ó“Ï
ABCD202x-487,," 182,233.00 ",,≤Ó“Ï
ABCD202x-541,," 944,014.00 ",,≤Ó“Ï
ABCD202x-898,," 90,019.00 ",,≤Ó“Ï
ABCD202x-493,," 645,257.00 ",,≤Ó“Ï
ABCD202x-770,," 669,945.00 ",,≤Ó“Ï
ABCD202x-667,," 139,963.00 ",,≤Ó“Ï
ABCD202x-098,," 55,733.00 ",,≤Ó“Ï
ABCD202x-814,," 29,350.00 ",,≤Ó“Ï
ABCD202x-908,," 396,782.00 ",,≤Ó“Ï
ABCD202x-308,," 679,259.00 ",,≤Ó“Ï
ABCD202x-694,," 187,159.00 ",,≤Ó“Ï
ABCD202x-401,," 704,504.00 ",,≤Ó“Ï
ABCD202x-054,," 818,737.00 ",,≤Ó“Ï
ABCD202x-180,," 118,438.00 ",,≤Ó“Ï
ABCD202x-059,," 851,356.00 ",,≤Ó“Ï
ABCD202x-284,," 877,256.00 ",,≤Ó“Ï
ABCD202x-176,," 443,065.00 ",,≤Ó“Ï
ABCD202x-731,," 819,047.00 ",,≤Ó“Ï
ABCD202x-877,," 91,831.00 ",,≤Ó“Ï
ABCD202x-173,," 851,232.00 ",,≤Ó“Ï
ABCD202x-139,," 577,047.00 ",,≤Ó“Ï
ABCD202x-571,," 330,041.00 ",,≤Ó“Ï
ABCD202x-478,," 902,961.00 ",,≤Ó“Ï
ABCD202x-410,," 477,226.00 ",,≤Ó“Ï
ABCD202x-733,," 496,284.00 ",,≤Ó“Ï
ABCD202x-851,," 781,502.00 ",,≤Ó“Ï
ABCD202x-472,," 197,044.00 ",,≤Ó“Ï
ABCD202x-182,," 710,893.00 ",,≤Ó“Ï
ABCD202x-213,," 179,637.00 ",,≤Ó“Ï
ABCD202x-322,," 445,325.00 ",,≤Ó“Ï
ABCD202x-582,," 838,516.00 ",,≤Ó“Ï
ABCD202x-112,," 335,568.00 ",,≤Ó“Ï
ABCD202x-804,," 141,980.00 ",,≤Ó“Ï
ABCD202x-973,," 395,483.00 ",,≤Ó“Ï
ABCD202x-441,," 825,938.00 ",,≤Ó“Ï
ABCD202x-195,," 190,263.00 ",,≤Ó“Ï
ABCD202x-010,," 820,364.00 ",,≤Ó“Ï
ABCD202x-868,," 667,042.00 ",,≤Ó“Ï
ABCD202x-665,," 701,171.00 ",,≤Ó“Ï
ABCD202x-174,," 945,720.00 ",,≤Ó“Ï
ABCD202x-205,," 858,776.00 ",,≤Ó“Ï
ABCD202x-794,," 814,505.00 ",,≤Ó“Ï
ABCD202x-901,," 778,003.00 ",,≤Ó“Ï
ABCD202x-063,," 534,817.00 ",,≤Ó“Ï
ABCD202x-471,," 141,496.00 ",,≤Ó“Ï
ABCD202x-277,," 569,692.00 ",,≤Ó“Ï
ABCD202x-236,," 391,911.00 ",,≤Ó“Ï
ABCD202x-203,," 902,557.00 ",,≤Ó“Ï
ABCD202x-542,," 743,363.00 ",,≤Ó“Ï
ABCD202x-557,," 753,236.00 ",,≤Ó“Ï
ABCD202x-918,," 13,314.00 ",,≤Ó“Ï
ABCD202x-012,," 882,318.00 ",,≤Ó“Ï
ABCD202x-157,," 391,932.00 ",,≤Ó“Ï
ABCD202x-418,," 921,867.00 ",,≤Ó“Ï
ABCD202x-364,," 128,444.00 ",,≤Ó“Ï
ABCD202x-624,," 675,178.00 ",,≤Ó“Ï
ABCD202x-127,," 130,630.00 ",,≤Ó“Ï
ABCD202x-667,," 816,498.00 ",,≤Ó“Ï
ABCD202x-765,," 848,858.00 ",,≤Ó“Ï
ABCD202x-498,," 372,211.00 ",,≤Ó“Ï
ABCD202x-391,," 738,845.00 ",,≤Ó“Ï
ABCD202x-889,," 518,258.00 ",,≤Ó“Ï
ABCD202x-527,," 441,569.00 ",,≤Ó“Ï
ABCD202x-575,," 696,378.00 ",,≤Ó“Ï
ABCD202x-735,," 662,305.00 ",,≤Ó“Ï
ABCD202x-174,," 537,958.00 ",,≤Ó“Ï
ABCD202x-419,," 629,272.00 ",,≤Ó“Ï
ABCD202x-617,," 936,091.00 ",,≤Ó“Ï
ABCD202x-829,," 171,481.00 ",,≤Ó“Ï
ABCD202x-597,," 171,513.00 ",,≤Ó“Ï
ABCD202x-144,," 826,262.00 ",,≤Ó“Ï
ABCD202x-393,," 385,401.00 ",,≤Ó“Ï
ABCD202x-278,," 300,858.00 ",,≤Ó“Ï
ABCD202x-069,," 913,812.00 ",,≤Ó“Ï
ABCD202x-397,," 193,759.00 ",,≤Ó“Ï
ABCD202x-155,," 226,699.00 ",,≤Ó“Ï
ABCD202x-227,," 307,237.00 ",,≤Ó“Ï
ABCD202x-724,," 143,763.00 ",,≤Ó“Ï
ABCD202x-856,," 568,423.00 ",,≤Ó“Ï
ABCD202x-600,," 163,429.00 ",,≤Ó“Ï
ABCD202x-667,," 145,103.00 ",,≤Ó“Ï
ABCD202x-000,," 633,850.00 ",,≤Ó“Ï
ABCD202x-818,," 647,972.00 ",,≤Ó“Ï
ABCD202x-665,," 936,522.00 ",,≤Ó“Ï
ABCD202x-777,," 559,569.00 ",,≤Ó“Ï
ABCD202x-122,," 54,316.00 ",,≤Ó“Ï
ABCD202x-186,," 658,611.00 ",,≤Ó“Ï
ABCD202x-915,," 63,954.00 ",,≤Ó“Ï
ABCD202x-525,," 398,514.00 ",,≤Ó“Ï
ABCD202x-302,," 854,123.00 ",,≤Ó“Ï
ABCD202x-689,," 979,603.00 ",,≤Ó“Ï
ABCD202x-413,," 214,218.00 ",,≤Ó“Ï
ABCD202x-882,," 195,925.00 ",,≤Ó“Ï
ABCD202x-132,," 221,315.00 ",,≤Ó“Ï
ABCD202x-327,," 120,446.00 ",,≤Ó“Ï
ABCD202x-988,," 886,630.00 ",,≤Ó“Ï
ABCD202x-947,," 184,818.00 ",,≤Ó“Ï
ABCD202x-453,," 56,508.00 ",,≤Ó“Ï
ABCD202x-479,," 958,102.00 ",,≤Ó“Ï
ABCD202x-080,," 315,893.00 ",,≤Ó“Ï
ABCD202x-254,," 913,970.00 ",,≤Ó“Ï
ABCD202x-970,," 663,993.00 ",,≤Ó“Ï
ABCD202x-464,," 465,526.00 ",,≤Ó“Ï
ABCD202x-648,," 523,829.00 ",,≤Ó“Ï
ABCD202x-566,," 349,965.00 ",,≤Ó“Ï
ABCD202x-449,," 145,465.00 ",,≤Ó“Ï
ABCD202x-408,," 306,622.00 ",,≤Ó“Ï
ABCD202x-545,," 37,282.00 ",,≤Ó“Ï
ABCD202x-424,," 520,781.00 ",,≤Ó“Ï
ABCD202x-569,," 331,235.00 ",,≤Ó“Ï
ABCD202x-292,," 857,210.00 ",,≤Ó“Ï
ABCD202x-305,," 868,780.00 ",,≤Ó“Ï
ABCD202x-081,," 294,519.00 ",,≤Ó“Ï
ABCD202x-812,," 380,259.00 ",,≤Ó“Ï
ABCD202x-985,," 472,762.00 ",,≤Ó“Ï
ABCD202x-567,," 984,184.00 ",,≤Ó“Ï
ABCD202x-101,," 875,412.00 ",,≤Ó“Ï
ABCD202x-152,," 932,739.00 ",,≤Ó“Ï
ABCD202x-363,," 548,216.00 ",,≤Ó“Ï
ABCD202x-664,," 266,204.00 ",,≤Ó“Ï
ABCD202x-203,," 294,749.00 ",,≤Ó“Ï
ABCD202x-330,," 99,347.00 ",,≤Ó“Ï
ABCD202x-890,," 324,259.00 ",,≤Ó“Ï
ABCD202x-138,," 861,934.00 ",,≤Ó“Ï
ABCD202x-530,," 436,776.00 ",,≤Ó“Ï
ABCD202x-735,," 197,789.00 ",,≤Ó“Ï
ABCD202x-451,," 39,998.00 ",,≤Ó“Ï
ABCD202x-308,," 157,982.00 ",,≤Ó“Ï
ABCD202x-715,," 22,659.00 ",,≤Ó“Ï
ABCD202x-866,," 62,822.00 ",,≤Ó“Ï
ABCD202x-729,," 650,330.00 ",,≤Ó“Ï
ABCD202x-124,," 549,987.00 ",,≤Ó“Ï
ABCD202x-147,," 90,902.00 ",,≤Ó“Ï
ABCD202x-850,," 588,114.00 ",,≤Ó“Ï
ABCD202x-289,," 360,299.00 ",,≤Ó“Ï
ABCD202x-277,," 820,687.00 ",,≤Ó“Ï
ABCD202x-710,," 486,146.00 ",,≤Ó“Ï
ABCD202x-144,," 645,269.00 ",,≤Ó“Ï
ABCD202x-518,," 973,869.00 ",,≤Ó“Ï
ABCD202x-726,," 114,725.00 ",,≤Ó“Ï
ABCD202x-624,," 916,979.00 ",,≤Ó“Ï
ABCD202x-468,," 882,928.00 ",,≤Ó“Ï
ABCD202x-682,," 953,306.00 ",,≤Ó“Ï
ABCD202x-801,," 718,943.00 ",,≤Ó“Ï
ABCD202x-349,," 487,903.00 ",,≤Ó“Ï
ABCD202x-082,," 273,932.00 ",,≤Ó“Ï
ABCD202x-516,," 353,888.00 ",,≤Ó“Ï
ABCD202x-181,," 190,953.00 ",,≤Ó“Ï
ABCD202x-806,," 312,466.00 ",,≤Ó“Ï
ABCD202x-926,," 420,038.00 ",,≤Ó“Ï
ABCD202x-693,," 454,037.00 ",,≤Ó“Ï
ABCD202x-101,," 410,137.00 ",,≤Ó“Ï
ABCD202x-265,," 627,013.00 ",,≤Ó“Ï
ABCD202x-971,," 401,955.00 ",,≤Ó“Ï
ABCD202x-687,," 591,528.00 ",,≤Ó“Ï
ABCD202x-425,," 529,573.00 ",,≤Ó“Ï
ABCD202x-183,," 248,896.00 ",,≤Ó“Ï
ABCD202x-511,," 547,533.00 ",,≤Ó“Ï
ABCD202x-104,," 85,966.00 ",,≤Ó“Ï
ABCD202x-021,," 60,148.00 ",,≤Ó“Ï
ABCD202x-843,," 559,634.00 ",,≤Ó“Ï
ABCD202x-784,," 543,201.00 ",,≤Ó“Ï
ABCD202x-505,," 616,544.00 ",,≤Ó“Ï
ABCD202x-488,," 938,290.00 ",,≤Ó“Ï
ABCD202x-284,," 662,306.00 ",,≤Ó“Ï
ABCD202x-765,," 483,469.00 ",,≤Ó“Ï
ABCD202x-067,," 466,913.00 ",,≤Ó“Ï
ABCD202x-934,," 529,084.00 ",,≤Ó“Ï
ABCD202x-349,," 277,322.00 ",,≤Ó“Ï
ABCD202x-122,," 670,591.00 ",,≤Ó“Ï
ABCD202x-932,," 115,327.00 ",,≤Ó“Ï
ABCD202x-049,," 893,444.00 ",,≤Ó“Ï
ABCD202x-690,," 790,467.00 ",,≤Ó“Ï
ABCD202x-101,," 737,771.00 ",,≤Ó“Ï
ABCD202x-595,," 507,833.00 ",,≤Ó“Ï
ABCD202x-566,," 584,215.00 ",,≤Ó“Ï
ABCD202x-480,," 636,444.00 ",,≤Ó“Ï
ABCD202x-386,," 218,915.00 ",,≤Ó“Ï
ABCD202x-928,," 224,817.00 ",,≤Ó“Ï
ABCD202x-886,," 802,322.00 ",,≤Ó“Ï
ABCD202x-151,," 870,008.00 ",,≤Ó“Ï
ABCD202x-825,," 331,466.00 ",,≤Ó“Ï
ABCD202x-349,," 739,503.00 ",,≤Ó“Ï
ABCD202x-799,," 906,129.00 ",,≤Ó“Ï
ABCD202x-970,," 952,574.00 ",,≤Ó“Ï
ABCD202x-668,," 221,340.00 ",,≤Ó“Ï
ABCD202x-386,," 985,367.00 ",,≤Ó“Ï
ABCD202x-673,," 490,862.00 ",,≤Ó“Ï
